,timestamp,open,high,low,close,volume,close_time,quote_asset_volume,number_of_trade,TBB,TBQ,ignore,date
0,1640995200000,170.01,174.36,169.93,171.53,290224.26,1641038399999,50085527.47880000,77268,153424.70000000,26479409.77140000,0,2022-01-01 00:00:00
1,1641038400000,171.56,179.2,171.45,179.06,344375.13,1641081599999,60499687.43770000,102525,174825.46000000,30722900.24390000,0,2022-01-01 12:00:00
2,1641081600000,179.06,179.53,174.51,175.66,313823.84,1641124799999,55538074.76180000,79185,159753.77000000,28271155.30000000,0,2022-01-02 00:00:00
3,1641124800000,175.66,178.69,174.31,176.35,306263.54,1641167999999,53971235.95160000,97071,153352.65000000,27023072.53680000,0,2022-01-02 12:00:00
4,1641168000000,176.34,176.49,172.0,174.74,310400.01,1641211199999,53891686.78240000,83991,152861.94000000,26537424.48170000,0,2022-01-03 00:00:00
5,1641211200000,174.76,175.8,166.59,170.15,720916.42,1641254399999,123348665.18780000,166140,384561.77000000,65794025.63610000,0,2022-01-03 12:00:00
6,1641254400000,170.14,172.28,166.47,171.63,524184.48,1641297599999,88321857.45980000,121628,253807.20000000,42792304.16280000,0,2022-01-04 00:00:00
7,1641297600000,171.63,173.93,167.0,167.72,517148.15,1641340799999,88216365.27000000,143038,253320.27000000,43237600.29730000,0,2022-01-04 12:00:00
8,1641340800000,167.74,171.32,167.17,168.51,333672.34,1641383999999,56422460.86990000,86100,169638.61000000,28692559.42510000,0,2022-01-05 00:00:00
9,1641384000000,168.51,169.26,144.92,154.52,1326175.83,1641427199999,210557445.76850000,374030,606187.72000000,96321862.52950000,0,2022-01-05 12:00:00
10,1641427200000,154.48,154.8,145.98,147.56,848524.32,1641470399999,127100253.16830000,216843,402113.09000000,60252631.68360000,0,2022-01-06 00:00:00
11,1641470400000,147.54,154.44,146.32,150.26,726546.98,1641513599999,109211797.21540000,183863,380904.30000000,57253394.41550000,0,2022-01-06 12:00:00
12,1641513600000,150.28,150.72,134.6,139.21,1688322.71,1641556799999,237649450.64830000,381695,850716.25000000,119747893.61090000,0,2022-01-07 00:00:00
13,1641556800000,139.2,142.83,133.08,136.45,1031074.59,1641599999999,142562941.70320000,242508,506025.84000000,69934544.36750000,0,2022-01-07 12:00:00
14,1641600000000,136.43,148.11,135.8,146.43,973539.97,1641643199999,139341906.30450000,220778,481687.91000000,68931023.63220000,0,2022-01-08 00:00:00
15,1641643200000,146.44,146.94,133.0,142.14,1721875.54,1641686399999,241499792.33070000,375859,851653.28000000,119429396.52830000,0,2022-01-08 12:00:00
16,1641686400000,142.1,145.36,137.83,140.56,767711.82,1641729599999,108808659.32610000,160359,378575.31000000,53693726.34030000,0,2022-01-09 00:00:00
17,1641729600000,140.59,145.71,137.97,140.82,667441.33,1641772799999,94999928.92410000,153876,329533.18000000,46917141.45900000,0,2022-01-09 12:00:00
18,1641772800000,140.82,143.86,138.88,139.44,485115.56,1641815999999,68623641.43700000,107732,235418.43000000,33317875.64760000,0,2022-01-10 00:00:00
19,1641816000000,139.45,139.76,130.0,135.86,1409396.95,1641859199999,188861130.32880000,311729,706383.05000000,94670897.09890000,0,2022-01-10 12:00:00
20,1641859200000,135.84,138.52,133.58,135.4,474302.47,1641902399999,64535212.61490000,105440,238771.81000000,32486784.50160000,0,2022-01-11 00:00:00
21,1641902400000,135.4,143.5,135.0,140.2,854277.1,1641945599999,119643550.27050000,189434,416466.53000000,58292850.99990000,0,2022-01-11 12:00:00
22,1641945600000,140.19,144.1,138.22,141.42,606940.4,1641988799999,85413888.10290000,139220,315275.75000000,44367695.71050000,0,2022-01-12 00:00:00
23,1641988800000,141.4,153.39,141.23,151.51,1339848.36,1642031999999,199290720.03860000,314230,699119.95000000,104012558.20000000,0,2022-01-12 12:00:00
24,1642032000000,151.5,152.8,148.12,150.32,546263.48,1642075199999,82280693.69830000,130939,277077.86000000,41747077.54430000,0,2022-01-13 00:00:00
25,1642075200000,150.33,157.8,145.41,146.14,1437858.11,1642118399999,218077892.49910000,340610,727092.57000000,110248823.72130000,0,2022-01-13 12:00:00
26,1642118400000,146.13,150.56,141.84,143.45,742587.38,1642161599999,108769554.23470000,169253,364329.76000000,53371283.15360000,0,2022-01-14 00:00:00
27,1642161600000,143.45,149.8,142.02,146.17,685557.92,1642204799999,100420658.08870000,170517,338232.21000000,49507439.13650000,0,2022-01-14 12:00:00
28,1642204800000,146.18,147.29,144.59,146.4,341834.33,1642247999999,49833087.58760000,85538,172213.54000000,25104632.65450000,0,2022-01-15 00:00:00
29,1642248000000,146.39,149.49,143.9,147.64,523180.42,1642291199999,76988811.37470000,120232,250182.30000000,36816260.94910000,0,2022-01-15 12:00:00
30,1642291200000,147.61,150.73,146.09,148.13,405129.95,1642334399999,60071149.03230000,93190,196816.67000000,29196231.33360000,0,2022-01-16 00:00:00
31,1642334400000,148.11,151.96,146.3,147.98,559140.19,1642377599999,83337264.88100000,143808,279106.53000000,41606363.45900000,0,2022-01-16 12:00:00
32,1642377600000,147.98,148.29,141.66,142.46,628995.99,1642420799999,90633675.45490000,129693,299138.21000000,43072975.81780000,0,2022-01-17 00:00:00
33,1642420800000,142.46,143.8,137.02,139.8,668658.15,1642463999999,93918166.05050000,153565,320856.33000000,45052989.70200000,0,2022-01-17 12:00:00
34,1642464000000,139.81,141.83,135.95,137.62,560471.53,1642507199999,78003575.05580000,111761,269824.76000000,37553979.75590000,0,2022-01-18 00:00:00
35,1642507200000,137.61,142.77,134.39,141.22,693865.64,1642550399999,95466950.62830000,152947,342349.23000000,47146690.42660000,0,2022-01-18 12:00:00
36,1642550400000,141.32,142.7,132.77,136.13,629936.91,1642593599999,86339894.93900000,136294,301665.76000000,41337383.99710000,0,2022-01-19 00:00:00
37,1642593600000,136.15,138.61,134.71,135.25,545234.48,1642636799999,74517334.26420000,128471,278285.81000000,38049385.62030000,0,2022-01-19 12:00:00
38,1642636800000,135.23,138.2,134.49,137.89,304560.04,1642679999999,41609083.71090000,73556,151965.35000000,20761547.76500000,0,2022-01-20 00:00:00
39,1642680000000,137.9,143.83,126.01,127.54,1160033.94,1642723199999,159093221.30210000,271861,579344.88000000,79599196.48940000,0,2022-01-20 12:00:00
40,1642723200000,127.54,128.73,121.04,122.19,1546051.47,1642766399999,193267434.90800000,343033,758334.90000000,94784063.63680000,0,2022-01-21 00:00:00
41,1642766400000,122.19,126.89,106.11,112.27,2976969.22,1642809599999,350796099.50250000,596534,1425940.86000000,168085969.59670000,0,2022-01-21 12:00:00
42,1642809600000,112.24,114.89,87.73,98.69,3682461.41,1642852799999,370622505.46810000,592525,1759885.56000000,176950617.90310000,0,2022-01-22 00:00:00
43,1642852800000,98.69,103.3,88.54,94.54,2773147.57,1642895999999,264485757.96050000,409828,1383720.45000000,132002169.38840000,0,2022-01-22 12:00:00
44,1642896000000,94.57,104.82,93.25,101.85,1925459.82,1642939199999,191358276.98870000,319339,1006165.34000000,100048036.39470000,0,2022-01-23 00:00:00
45,1642939200000,101.85,103.19,93.95,99.78,1636291.22,1642982399999,160639365.89490000,273308,809661.66000000,79465374.21670000,0,2022-01-23 12:00:00
46,1642982400000,99.74,99.83,81.71,83.94,3214109.03,1643025599999,284568699.47470000,446733,1455902.02000000,128416142.72980000,0,2022-01-24 00:00:00
47,1643025600000,83.95,96.31,80.83,91.93,3775927.68,1643068799999,330636375.13330000,566135,1954041.36000000,171286194.62530000,0,2022-01-24 12:00:00
48,1643068800000,91.94,94.52,87.41,91.59,1426588.66,1643111999999,129393905.34600000,234718,722485.02000000,65567496.46170000,0,2022-01-25 00:00:00
49,1643112000000,91.6,99.95,90.38,94.67,2056122.66,1643155199999,194620778.39000000,331857,1022817.70000000,96872110.21110000,0,2022-01-25 12:00:00
50,1643155200000,94.65,98.23,91.37,98.05,1120512.94,1643198399999,106457121.78780000,200763,591211.56000000,56194535.27150000,0,2022-01-26 00:00:00
51,1643198400000,98.05,104.43,89.19,92.12,3380827.75,1643241599999,328539856.90290000,513180,1664541.44000000,161774736.29540000,0,2022-01-26 12:00:00
52,1643241600000,92.11,93.65,85.71,91.18,1684556.81,1643284799999,150536967.20720000,269713,892173.24000000,79728117.78290000,0,2022-01-27 00:00:00
53,1643284800000,91.19,94.6,85.71,89.51,1845460.95,1643327999999,166933464.88570000,268561,943510.34000000,85358160.36170000,0,2022-01-27 12:00:00
54,1643328000000,89.51,93.55,87.58,88.65,1169184.9,1643371199999,105940560.51960000,184808,598479.68000000,54273683.20040000,0,2022-01-28 00:00:00
55,1643371200000,88.64,93.48,87.21,91.34,1478132.27,1643414399999,134292691.16600000,203962,763582.83000000,69409023.55500000,0,2022-01-28 12:00:00
56,1643414400000,91.35,97.7,90.5,96.31,1033704.04,1643457599999,97650195.84100000,159810,560091.29000000,52892500.47070000,0,2022-01-29 00:00:00
57,1643457600000,96.3,98.93,93.29,96.13,1017187.72,1643500799999,97344357.98840000,171428,517134.06000000,49523472.59260000,0,2022-01-29 12:00:00
58,1643500800000,96.15,97.6,93.46,96.37,600308.36,1643543999999,57298944.75210000,104491,290367.69000000,27727885.07950000,0,2022-01-30 00:00:00
59,1643544000000,96.37,96.54,91.38,93.29,657729.15,1643587199999,61680149.48760000,116933,327164.65000000,30677834.60490000,0,2022-01-30 12:00:00
60,1643587200000,93.26,93.62,89.18,91.37,698495.98,1643630399999,63327331.79850000,111946,358115.47000000,32470510.78980000,0,2022-01-31 00:00:00
61,1643630400000,91.36,101.4,90.32,99.49,1715605.57,1643673599999,165976526.03850000,262012,898956.36000000,86895102.99590000,0,2022-01-31 12:00:00
62,1643673600000,99.5,109.0,99.02,106.35,1878633.26,1643716799999,197601166.54490000,324293,1008010.93000000,106038868.40630000,0,2022-02-01 00:00:00
63,1643716800000,106.35,113.66,106.04,110.02,2311874.39,1643759999999,254076072.04430000,408442,1173309.51000000,128988961.89430000,0,2022-02-01 12:00:00
64,1643760000000,109.99,112.35,107.54,109.98,1174315.24,1643803199999,128773784.60600000,201750,628981.12000000,68986187.16960000,0,2022-02-02 00:00:00
65,1643803200000,110.01,112.3,96.99,101.88,3689042.86,1643846399999,386199146.93510000,555269,1843507.20000000,192840531.08070000,0,2022-02-02 12:00:00
66,1643846400000,101.91,103.13,94.0,97.43,2087518.22,1643889599999,204431340.55250000,305911,1063526.03000000,104199046.69270000,0,2022-02-03 00:00:00
67,1643889600000,97.43,102.23,94.08,101.77,1799045.34,1643932799999,175985317.66500000,291498,944648.45000000,92432860.15070000,0,2022-02-03 12:00:00
68,1643932800000,101.83,107.0,100.28,104.8,1353038.23,1643975999999,141293982.57380000,213507,702189.43000000,73335740.81920000,0,2022-02-04 00:00:00
69,1643976000000,104.8,112.81,101.69,112.62,2833350.05,1644019199999,305211830.00350000,455175,1455747.00000000,156868105.01280000,0,2022-02-04 12:00:00
70,1644019200000,112.63,118.6,110.22,114.95,1485207.47,1644062399999,169967216.09610000,284330,757453.57000000,86725401.30450000,0,2022-02-05 00:00:00
71,1644062400000,114.95,117.19,110.76,113.75,1163811.67,1644105599999,132770880.00240000,223454,578386.93000000,66016757.59640000,0,2022-02-05 12:00:00
72,1644105600000,113.74,116.06,112.08,114.41,715289.29,1644148799999,81664861.66000000,137890,357683.71000000,40849565.68290000,0,2022-02-06 00:00:00
73,1644148800000,114.41,115.93,111.09,115.28,846505.83,1644191999999,96154057.60750000,161916,432286.79000000,49123202.33570000,0,2022-02-06 12:00:00
74,1644192000000,115.26,120.0,112.69,117.53,1190827.02,1644235199999,139173325.83760000,238303,625555.31000000,73125631.61850000,0,2022-02-07 00:00:00
75,1644235200000,117.5,121.93,116.58,117.55,1539868.78,1644278399999,184091228.80770000,309174,782424.79000000,93562363.54800000,0,2022-02-07 12:00:00
76,1644278400000,117.57,120.36,112.02,114.36,1539839.3,1644321599999,179385266.22840000,286437,744799.85000000,86818830.65470000,0,2022-02-08 00:00:00
77,1644321600000,114.32,114.79,109.66,113.45,1271658.2,1644364799999,142469640.80420000,238868,629247.48000000,70523006.84810000,0,2022-02-08 12:00:00
78,1644364800000,113.44,115.1,109.4,113.27,901843.69,1644407999999,101018680.36170000,155203,454014.03000000,50874135.93260000,0,2022-02-09 00:00:00
79,1644408000000,113.27,117.08,112.5,113.93,1212567.69,1644451199999,139032767.97180000,211351,608774.28000000,69815451.80660000,0,2022-02-09 12:00:00
80,1644451200000,113.96,115.38,110.6,113.77,871223.2,1644494399999,98172937.80920000,147634,436826.70000000,49264292.67730000,0,2022-02-10 00:00:00
81,1644494400000,113.78,114.2,105.68,106.17,1910358.57,1644537599999,210045781.46910000,354543,937362.16000000,103119659.38770000,0,2022-02-10 12:00:00
82,1644537600000,106.18,106.61,103.23,105.56,894880.85,1644580799999,93999212.19750000,161658,472323.03000000,49622630.55130000,0,2022-02-11 00:00:00
83,1644580800000,105.55,108.14,95.14,96.53,1642346.83,1644623999999,167119191.86430000,289135,794360.20000000,80808076.36550000,0,2022-02-11 12:00:00
84,1644624000000,96.53,98.49,92.8,96.09,894264.27,1644667199999,85473812.22130000,152831,448210.49000000,42871845.87270000,0,2022-02-12 00:00:00
85,1644667200000,96.1,99.79,93.54,95.96,909666.4,1644710399999,87633744.23180000,163170,456435.02000000,43979231.88520000,0,2022-02-12 12:00:00
86,1644710400000,95.98,97.36,95.11,96.19,455958.41,1644753599999,43883517.82300000,77846,245264.14000000,23607261.89560000,0,2022-02-13 00:00:00
87,1644753600000,96.19,96.94,91.35,92.85,760124.97,1644796799999,71443021.53610000,131457,386209.28000000,36321899.84650000,0,2022-02-13 12:00:00
88,1644796800000,92.85,94.93,90.72,93.15,705318.05,1644839999999,65553557.04170000,115173,357518.50000000,33250372.68150000,0,2022-02-14 00:00:00
89,1644840000000,93.15,97.99,92.34,96.37,1087403.25,1644883199999,104195061.46020000,192303,560012.99000000,53668249.26160000,0,2022-02-14 12:00:00
90,1644883200000,96.39,103.71,96.38,102.4,1257585.29,1644926399999,127471872.63170000,194535,634754.62000000,64325321.19790000,0,2022-02-15 00:00:00
91,1644926400000,102.4,105.77,100.74,105.52,1104638.16,1644969599999,113160481.08370000,178256,580338.70000000,59483867.28350000,0,2022-02-15 12:00:00
92,1644969600000,105.52,105.6,100.77,102.51,786153.12,1645012799999,81015748.28130000,128227,389044.41000000,40101510.49270000,0,2022-02-16 00:00:00
93,1645012800000,102.49,103.7,98.27,101.86,1337005.99,1645055999999,134693157.08430000,198124,685749.08000000,69116685.81110000,0,2022-02-16 12:00:00
94,1645056000000,101.85,102.82,97.31,99.09,775270.77,1645099199999,77381249.20340000,122729,378753.05000000,37837393.45430000,0,2022-02-17 00:00:00
95,1645099200000,99.09,99.7,92.33,93.52,1225810.53,1645142399999,117184422.72220000,185208,586980.21000000,56107312.36290000,0,2022-02-17 12:00:00
96,1645142400000,93.55,96.37,92.75,93.9,711020.72,1645185599999,67319635.77160000,108446,344046.41000000,32575780.76550000,0,2022-02-18 00:00:00
97,1645185600000,93.93,94.82,89.31,89.86,1299055.93,1645228799999,118780539.33650000,191073,625051.08000000,57126345.08470000,0,2022-02-18 12:00:00
98,1645228800000,89.86,92.75,88.6,89.48,611098.61,1645271999999,55589188.25700000,99507,301607.54000000,27443777.25080000,0,2022-02-19 00:00:00
99,1645272000000,89.5,92.18,88.68,91.27,674479.53,1645315199999,60916169.31310000,106215,333446.66000000,30139565.61280000,0,2022-02-19 12:00:00
100,1645315200000,91.27,91.41,85.56,89.18,1123820.55,1645358399999,98972153.85930000,166983,534244.41000000,47084457.36640000,0,2022-02-20 00:00:00
101,1645358400000,89.2,94.5,87.43,90.72,1435652.99,1645401599999,130595931.60280000,236391,724691.30000000,65977821.41190000,0,2022-02-20 12:00:00
102,1645401600000,90.7,96.14,88.16,89.15,1547420.58,1645444799999,144495195.83720000,229349,747521.46000000,69819318.46240000,0,2022-02-21 00:00:00
103,1645444800000,89.16,92.18,82.62,82.96,2515662.22,1645487999999,220942630.94950000,343840,1278674.62000000,112448718.81560000,0,2022-02-21 12:00:00
104,1645488000000,82.95,86.0,81.06,85.2,1578692.68,1645531199999,131352265.81030000,198496,808116.36000000,67266095.46580000,0,2022-02-22 00:00:00
105,1645531200000,85.19,87.56,83.81,86.38,1256861.68,1645574399999,107497788.51730000,162926,640885.82000000,54828205.15250000,0,2022-02-22 12:00:00
106,1645574400000,86.39,93.36,86.08,92.04,1298152.59,1645617599999,115767944.76660000,191834,678880.13000000,60596395.09500000,0,2022-02-23 00:00:00
107,1645617600000,92.06,93.4,84.38,84.59,1895541.51,1645660799999,169057334.34710000,254253,902298.92000000,80488933.69510000,0,2022-02-23 12:00:00
108,1645660800000,84.58,85.81,75.35,81.37,3954437.84,1645703999999,319626964.36970000,552268,1913663.33000000,154733405.75780000,0,2022-02-24 00:00:00
109,1645704000000,81.36,93.9,79.46,89.36,3543102.24,1645747199999,305831687.58800000,480474,1866757.43000000,161270007.78660000,0,2022-02-24 12:00:00
110,1645747200000,89.35,90.82,86.86,89.2,1444152.92,1645790399999,128209498.90630000,210418,708554.59000000,62924325.36310000,0,2022-02-25 00:00:00
111,1645790400000,89.22,95.0,87.85,92.71,2247743.66,1645833599999,204585802.16090000,321855,1148973.91000000,104583535.70750000,0,2022-02-25 12:00:00
112,1645833600000,92.73,95.49,90.08,90.66,1273208.15,1645876799999,117550647.76540000,200651,618687.47000000,57131781.62390000,0,2022-02-26 00:00:00
113,1645876800000,90.67,92.59,89.23,90.23,1006394.02,1645919999999,91466798.72890000,147101,494871.11000000,44994704.88240000,0,2022-02-26 12:00:00
114,1645920000000,90.25,90.97,86.0,90.79,904747.05,1645963199999,80051861.61110000,138943,435921.77000000,38596736.39290000,0,2022-02-27 00:00:00
115,1645963200000,90.78,92.19,84.08,85.63,1688786.92,1646006399999,148729200.52040000,257254,821199.72000000,72346430.37940000,0,2022-02-27 12:00:00
116,1646006400000,85.61,91.15,84.17,90.76,1265576.26,1646049599999,111459514.42610000,177128,632778.36000000,55731390.93950000,0,2022-02-28 00:00:00
117,1646049600000,90.75,103.0,88.85,99.68,2946499.31,1646092799999,281502155.67120000,489735,1504760.06000000,143818269.38710000,0,2022-02-28 12:00:00
118,1646092800000,99.67,101.09,94.21,97.8,1748808.9,1646135999999,170027309.19780000,290068,894779.84000000,87042770.77840000,0,2022-03-01 00:00:00
119,1646136000000,97.8,102.03,96.02,98.66,1916527.86,1646179199999,189341064.77830000,281962,942989.29000000,93220896.84020000,0,2022-03-01 12:00:00
120,1646179200000,98.65,106.43,96.76,104.58,2322071.19,1646222399999,238565867.02020000,337531,1179091.53000000,121239144.47660000,0,2022-03-02 00:00:00
121,1646222400000,104.57,105.24,99.8,100.68,1984255.45,1646265599999,202531338.63290000,352309,1006869.98000000,102775681.38320000,0,2022-03-02 12:00:00
122,1646265600000,100.69,101.7,97.73,99.71,1161865.48,1646308799999,115608465.89050000,167316,604902.50000000,60206398.90060000,0,2022-03-03 00:00:00
123,1646308800000,99.7,101.0,94.0,95.62,1433695.19,1646351999999,138331904.99050000,207536,720349.05000000,69504743.44870000,0,2022-03-03 12:00:00
124,1646352000000,95.63,95.94,90.5,93.16,1343028.31,1646395199999,123897929.46930000,176425,694108.67000000,64028705.39030000,0,2022-03-04 00:00:00
125,1646395200000,93.16,93.8,87.0,88.32,1511941.88,1646438399999,136853843.66040000,187955,719244.45000000,65102666.80800000,0,2022-03-04 12:00:00
126,1646438400000,88.33,89.22,86.0,88.72,817441.36,1646481599999,71745478.37290000,109838,417017.85000000,36628196.54190000,0,2022-03-05 00:00:00
127,1646481600000,88.72,91.22,87.81,89.63,678112.14,1646524799999,60832249.96280000,92364,349424.66000000,31347527.68530000,0,2022-03-05 12:00:00
128,1646524800000,89.61,89.96,85.68,87.02,825441.74,1646567999999,72407874.33100000,99985,412258.38000000,36178058.15150000,0,2022-03-06 00:00:00
129,1646568000000,87.02,88.26,84.09,84.57,1002828.83,1646611199999,86530773.05790000,113012,507307.23000000,43783144.10420000,0,2022-03-06 12:00:00
130,1646611200000,84.58,84.79,81.12,83.13,1381417.93,1646654399999,114085073.51600000,159677,713130.05000000,58909816.55440000,0,2022-03-07 00:00:00
131,1646654400000,83.12,86.71,79.92,81.66,1849571.41,1646697599999,154282003.77560000,203811,868677.83000000,72547215.30850000,0,2022-03-07 12:00:00
132,1646697600000,81.65,84.95,81.3,83.92,1107114.91,1646740799999,92319636.26290000,115222,576835.88000000,48123241.55650000,0,2022-03-08 00:00:00
133,1646740800000,83.92,85.04,81.34,82.32,1497419.88,1646783999999,124320678.44320000,153766,711920.65000000,59124290.32000000,0,2022-03-08 12:00:00
134,1646784000000,82.32,89.92,81.9,88.19,1807443.83,1646827199999,157468012.83340000,172125,918394.88000000,80017850.08330000,0,2022-03-09 00:00:00
135,1646827200000,88.19,89.44,86.04,88.06,1547774.9,1646870399999,135808429.66750000,163897,737724.05000000,64761759.48100000,0,2022-03-09 12:00:00
136,1646870400000,88.06,88.57,81.86,82.08,1460865.8,1646913599999,122747479.69180000,143259,710885.70000000,59640774.07350000,0,2022-03-10 00:00:00
137,1646913600000,82.08,84.04,80.63,82.87,1367625.41,1646956799999,112560451.09130000,145449,668270.41000000,55030247.09490000,0,2022-03-10 12:00:00
138,1646956800000,82.86,83.89,80.22,83.28,1290561.03,1646999999999,105757475.08430000,114742,652721.93000000,53503078.80050000,0,2022-03-11 00:00:00
139,1647000000000,83.27,84.29,80.07,80.67,1237773.82,1647043199999,101164017.55590000,117799,530706.09000000,43396998.37430000,0,2022-03-11 12:00:00
140,1647043200000,80.67,82.75,80.57,81.08,810965.16,1647086399999,66157971.57250000,74061,361159.80000000,29466759.04080000,0,2022-03-12 00:00:00
141,1647086400000,81.08,82.4,80.91,81.38,551302.97,1647129599999,45076302.08190000,54733,280638.09000000,22948578.21270000,0,2022-03-12 12:00:00
142,1647129600000,81.4,83.34,80.8,81.05,776939.52,1647172799999,63501044.72120000,73352,315996.88000000,25836921.53520000,0,2022-03-13 00:00:00
143,1647172800000,81.04,81.68,77.65,78.73,1232495.45,1647215999999,98604527.93710000,125307,596859.60000000,47753133.44410000,0,2022-03-13 12:00:00
144,1647216000000,78.72,82.29,78.0,80.9,988583.73,1647259199999,79395122.37240000,98537,457786.56000000,36769528.06430000,0,2022-03-14 00:00:00
145,1647259200000,80.9,81.46,78.51,81.22,1091335.66,1647302399999,87615179.17950000,110495,506680.52000000,40677420.20130000,0,2022-03-14 12:00:00
146,1647302400000,81.23,81.55,78.72,80.1,803974.29,1647345599999,64288312.37270000,84357,358579.23000000,28668031.39050000,0,2022-03-15 00:00:00
147,1647345600000,80.11,85.99,79.63,82.84,1319629.08,1647388799999,109248622.94590000,165266,634194.50000000,52500221.46670000,0,2022-03-15 12:00:00
148,1647388800000,82.84,86.38,81.53,84.24,1243290.15,1647431999999,103892987.74620000,146686,607396.14000000,50778211.01860000,0,2022-03-16 00:00:00
149,1647432000000,84.25,87.98,82.17,87.77,1395500.18,1647475199999,118223254.02700000,167154,711540.61000000,60288204.06810000,0,2022-03-16 12:00:00
150,1647475200000,87.77,89.2,86.58,87.67,1051709.26,1647518399999,92329592.33520000,117316,514542.13000000,45192670.61230000,0,2022-03-17 00:00:00
151,1647518400000,87.67,91.0,87.53,87.8,1564742.54,1647561599999,139787866.25340000,169450,714534.42000000,63863259.67160000,0,2022-03-17 12:00:00
152,1647561600000,87.8,88.1,84.41,84.96,1260942.83,1647604799999,108730472.77980000,109116,581298.50000000,50143702.98700000,0,2022-03-18 00:00:00
153,1647604800000,84.97,92.28,84.64,89.8,1675006.18,1647647999999,149006992.24390000,174441,804465.15000000,71465522.07690000,0,2022-03-18 12:00:00
154,1647648000000,89.81,92.35,89.25,90.73,703710.14,1647691199999,63610723.84100000,88189,369169.39000000,33380750.54120000,0,2022-03-19 00:00:00
155,1647691200000,90.73,94.55,90.4,92.31,1354638.82,1647734399999,125545270.07710000,174443,693172.02000000,64241602.36810000,0,2022-03-19 12:00:00
156,1647734400000,92.31,92.55,89.58,89.93,747240.9,1647777599999,67935326.03500000,76337,329130.36000000,29926091.67020000,0,2022-03-20 00:00:00
157,1647777600000,89.93,90.64,87.82,88.62,753217.39,1647820799999,67225494.50060000,93577,368866.80000000,32931288.75130000,0,2022-03-20 12:00:00
158,1647820800000,88.62,91.14,86.74,89.83,893171.95,1647863999999,79568576.31990000,96521,463905.25000000,41358483.53390000,0,2022-03-21 00:00:00
159,1647864000000,89.83,91.28,87.45,88.59,1091910.62,1647907199999,97182778.46690000,106739,549022.94000000,48862564.78230000,0,2022-03-21 12:00:00
160,1647907200000,88.58,92.41,88.0,92.0,1302967.12,1647950399999,118186366.93810000,138552,667147.90000000,60514173.84030000,0,2022-03-22 00:00:00
161,1647950400000,92.0,93.98,90.25,90.43,1308378.44,1647993599999,120908215.99920000,133300,637120.27000000,58889946.11320000,0,2022-03-22 12:00:00
162,1647993600000,90.44,91.79,89.19,91.33,819959.29,1648036799999,74379166.72550000,79708,408850.44000000,37103204.52770000,0,2022-03-23 00:00:00
163,1648036800000,91.33,96.36,90.92,94.89,2034865.91,1648079999999,191446182.28650000,217574,1084649.69000000,102061824.06800000,0,2022-03-23 12:00:00
164,1648080000000,94.88,101.85,93.26,100.05,2340527.17,1648123199999,227882007.50390000,279622,1255489.01000000,122272404.21010000,0,2022-03-24 00:00:00
165,1648123200000,100.05,103.7,98.21,102.32,2436481.34,1648166399999,246635913.62530000,297848,1246438.03000000,126181589.08020000,0,2022-03-24 12:00:00
166,1648166400000,102.32,104.86,100.82,104.25,1641509.31,1648209599999,169294945.65810000,219672,847405.48000000,87417104.97910000,0,2022-03-25 00:00:00
167,1648209600000,104.25,104.49,96.95,98.6,1718931.26,1648252799999,172109612.58060000,217621,809353.31000000,81027061.50750000,0,2022-03-25 12:00:00
168,1648252800000,98.6,101.49,97.63,100.39,881674.29,1648295999999,88057876.60860000,104162,454183.61000000,45347147.62840000,0,2022-03-26 00:00:00
169,1648296000000,100.39,103.4,99.72,101.73,1024669.15,1648339199999,104445404.82890000,155332,513765.70000000,52375413.59060000,0,2022-03-26 12:00:00
170,1648339200000,101.73,103.03,100.22,100.46,626581.05,1648382399999,63722577.55230000,99575,307117.35000000,31235558.78440000,0,2022-03-27 00:00:00
171,1648382400000,100.47,107.46,98.77,107.04,1724499.59,1648425599999,178292735.04490000,246059,928216.91000000,96049895.19770000,0,2022-03-27 12:00:00
172,1648425600000,107.04,111.93,105.22,110.06,1853022.41,1648468799999,201265446.05200000,304145,970180.38000000,105428281.79230000,0,2022-03-28 00:00:00
173,1648468800000,110.07,113.87,105.4,105.75,2293000.81,1648511999999,253719264.46990000,349037,1117255.90000000,123745176.34360000,0,2022-03-28 12:00:00
174,1648512000000,105.75,113.66,105.49,113.38,1346415.83,1648555199999,148566931.26210000,224408,688786.99000000,76004059.18770000,0,2022-03-29 00:00:00
175,1648555200000,113.37,115.7,108.84,111.62,2380844.09,1648598399999,267470249.38420000,366013,1159058.04000000,130242739.80230000,0,2022-03-29 12:00:00
176,1648598400000,111.62,112.93,107.11,112.18,1496014.12,1648641599999,165808233.89120000,207959,758525.39000000,84103601.89050000,0,2022-03-30 00:00:00
177,1648641600000,112.19,125.26,111.52,120.82,3754410.04,1648684799999,449286702.81450000,619670,1983946.92000000,237253858.08960000,0,2022-03-30 12:00:00
178,1648684800000,120.82,127.98,119.95,127.24,1648439.29,1648727999999,203325898.41050000,283881,880878.57000000,108691936.19300000,0,2022-03-31 00:00:00
179,1648728000000,127.24,129.5,121.24,122.77,3495535.61,1648771199999,437238005.46940000,574972,1746849.99000000,218656986.94460000,0,2022-03-31 12:00:00
180,1648771200000,122.79,127.2,117.39,124.37,2489030.94,1648814399999,305483468.26060000,408963,1285015.89000000,157883933.70340000,0,2022-04-01 00:00:00
181,1648814400000,124.34,138.4,122.1,134.52,3016046.69,1648857599999,398707990.76090000,586909,1606304.07000000,212338341.77560000,0,2022-04-01 12:00:00
182,1648857600000,134.53,138.43,133.05,137.66,1618901.87,1648900799999,219851214.40650000,263860,814570.19000000,110625106.54250000,0,2022-04-02 00:00:00
183,1648900800000,137.67,143.51,131.47,132.49,2575082.33,1648943999999,355832211.98030000,494203,1243636.73000000,171979780.79010000,0,2022-04-02 12:00:00
184,1648944000000,132.48,141.11,130.52,139.1,1631846.99,1648987199999,222621518.18860000,310541,827150.66000000,112937625.18990000,0,2022-04-03 00:00:00
185,1648987200000,139.1,140.02,134.09,136.9,1332660.06,1649030399999,182397246.59470000,229835,677506.01000000,92748368.91970000,0,2022-04-03 12:00:00
186,1649030400000,136.9,138.29,133.14,134.76,1233361.74,1649073599999,167277956.67720000,244701,602832.97000000,81795051.73180000,0,2022-04-04 00:00:00
187,1649073600000,134.76,135.48,125.82,132.14,2223539.69,1649116799999,290474647.36730000,338090,1104748.25000000,144362888.38630000,0,2022-04-04 12:00:00
188,1649116800000,132.14,134.86,129.73,134.51,933321.5,1649159999999,123874070.38250000,183439,476120.64000000,63224961.76540000,0,2022-04-05 00:00:00
189,1649160000000,134.51,136.63,126.07,126.87,1900564.04,1649203199999,250184667.34000000,358983,946103.21000000,124594066.61590000,0,2022-04-05 12:00:00
190,1649203200000,126.88,127.4,119.25,121.63,1621996.48,1649246399999,201001940.26260000,309414,769227.56000000,95398162.51260000,0,2022-04-06 00:00:00
191,1649246400000,121.62,123.2,112.1,112.95,2644873.72,1649289599999,311271673.43270000,430897,1256023.09000000,147940969.95100000,0,2022-04-06 12:00:00
192,1649289600000,112.94,117.7,110.88,117.46,1714186.33,1649332799999,196006975.53510000,283356,877033.49000000,100337855.64130000,0,2022-04-07 00:00:00
193,1649332800000,117.46,120.0,111.74,118.48,1612160.42,1649375999999,187149893.14000000,298576,820538.13000000,95319646.02100000,0,2022-04-07 12:00:00
194,1649376000000,118.47,122.42,114.86,115.28,1477333.44,1649419199999,176529592.29580000,238508,751743.59000000,89883389.42740000,0,2022-04-08 00:00:00
195,1649419200000,115.28,118.57,108.1,109.92,1851633.05,1649462399999,211191857.15170000,311650,908893.04000000,103843864.89610000,0,2022-04-08 12:00:00
196,1649462400000,109.92,111.81,108.28,110.5,745928.9,1649505599999,82140290.97360000,130412,371417.07000000,40902191.60050000,0,2022-04-09 00:00:00
197,1649505600000,110.51,113.69,109.28,112.96,630967.87,1649548799999,69974389.91860000,116411,330120.23000000,36618740.98910000,0,2022-04-09 12:00:00
198,1649548800000,112.97,113.97,109.71,111.05,618046.77,1649591999999,69155722.06370000,115836,281582.02000000,31539923.82290000,0,2022-04-10 00:00:00
199,1649592000000,111.06,116.09,110.49,111.07,942673.27,1649635199999,106458436.69220000,166289,461233.62000000,52119249.34380000,0,2022-04-10 12:00:00
200,1649635200000,111.06,111.94,103.36,103.93,1459584.13,1649678399999,157500418.57270000,225029,689569.01000000,74472463.40320000,0,2022-04-11 00:00:00
201,1649678400000,103.93,104.79,98.1,99.67,1872549.0,1649721599999,190738035.93670000,266350,917196.24000000,93493879.65800000,0,2022-04-11 12:00:00
202,1649721600000,99.64,105.7,98.31,105.55,1319845.96,1649764799999,134335244.91100000,182379,695502.49000000,70831600.40560000,0,2022-04-12 00:00:00
203,1649764800000,105.54,109.36,100.32,103.22,2207788.23,1649807999999,231924691.50840000,344384,1083864.83000000,113947951.92270000,0,2022-04-12 12:00:00
204,1649808000000,103.21,105.11,101.0,101.05,833354.85,1649851199999,86010945.90990000,149683,424017.04000000,43773486.54310000,0,2022-04-13 00:00:00
205,1649851200000,101.05,106.04,100.09,104.94,1370951.55,1649894399999,142551690.91480000,202928,701127.80000000,72897500.13880000,0,2022-04-13 12:00:00
206,1649894400000,104.92,107.72,103.23,103.67,1100151.84,1649937599999,116543823.11020000,157446,541128.28000000,57353182.23280000,0,2022-04-14 00:00:00
207,1649937600000,103.66,105.78,98.77,100.77,1610921.92,1649980799999,163199732.51090000,202344,807329.87000000,81800359.71460000,0,2022-04-14 12:00:00
208,1649980800000,100.77,102.49,99.55,101.72,625217.92,1650023999999,63363913.49180000,96157,340721.39000000,34529954.58790000,0,2022-04-15 00:00:00
209,1650024000000,101.72,102.91,99.85,101.31,759272.45,1650067199999,77027232.17470000,120737,386279.25000000,39204316.37210000,0,2022-04-15 12:00:00
210,1650067200000,101.38,102.78,100.9,101.89,393320.35,1650110399999,40004654.62660000,53580,221783.39000000,22562014.30140000,0,2022-04-16 00:00:00
211,1650110400000,101.89,103.5,100.71,102.06,612896.01,1650153599999,62580298.90700000,82048,337094.62000000,34431461.93000000,0,2022-04-16 12:00:00
212,1650153600000,102.06,102.5,101.01,102.44,364827.03,1650196799999,37172720.85640000,56754,195002.63000000,19872880.48290000,0,2022-04-17 00:00:00
213,1650196800000,102.45,105.44,99.62,100.15,1144973.01,1650239999999,118098841.89000000,179943,577239.27000000,59587151.18350000,0,2022-04-17 12:00:00
214,1650240000000,100.15,101.74,94.62,96.79,1301780.63,1650283199999,126857979.02060000,202382,620701.63000000,60505512.69300000,0,2022-04-18 00:00:00
215,1650283200000,96.78,102.65,96.78,102.33,1449654.2,1650326399999,144872827.73120000,214389,749805.62000000,74956470.77960000,0,2022-04-18 12:00:00
216,1650326400000,102.37,103.79,101.02,102.34,958242.05,1650369599999,98047308.60900000,125290,483995.59000000,49543976.90550000,0,2022-04-19 00:00:00
217,1650369600000,102.34,109.0,102.28,108.51,1717118.38,1650412799999,182607377.44830000,247514,926876.56000000,98590237.58330000,0,2022-04-19 12:00:00
218,1650412800000,108.51,110.9,106.61,110.42,1224135.58,1650455999999,132823539.96460000,171071,631184.07000000,68514180.39670000,0,2022-04-20 00:00:00
219,1650456000000,110.43,110.74,104.25,105.59,1544021.23,1650499199999,165150791.03600000,231950,753351.40000000,80575630.37680000,0,2022-04-20 12:00:00
220,1650499200000,105.58,109.07,105.31,108.38,859111.3,1650542399999,91919012.41990000,123115,463771.69000000,49631022.90830000,0,2022-04-21 00:00:00
221,1650542400000,108.39,110.0,99.86,101.78,1812535.06,1650585599999,192215446.30740000,246609,891943.99000000,94755543.43350000,0,2022-04-21 12:00:00
222,1650585600000,101.78,103.55,100.11,102.2,847919.54,1650628799999,86614192.49110000,121133,450579.01000000,46037111.34560000,0,2022-04-22 00:00:00
223,1650628800000,102.2,102.78,99.19,100.55,929694.31,1650671999999,93766594.37480000,157989,466942.49000000,47100941.33930000,0,2022-04-22 12:00:00
224,1650672000000,100.55,102.05,98.31,101.54,568120.41,1650715199999,57129970.82300000,97975,293143.71000000,29492022.39570000,0,2022-04-23 00:00:00
225,1650715200000,101.55,102.9,100.13,100.63,513507.73,1650758399999,52336905.54380000,98325,261150.63000000,26625445.30910000,0,2022-04-23 12:00:00
226,1650758400000,100.63,102.31,100.26,101.13,371704.7,1650801599999,37689396.34010000,77275,199277.61000000,20208512.35680000,0,2022-04-24 00:00:00
227,1650801600000,101.13,101.54,98.55,99.23,692431.45,1650844799999,69265018.08120000,114835,341452.71000000,34170866.55540000,0,2022-04-24 12:00:00
228,1650844800000,99.22,99.42,94.32,96.75,1148402.92,1650887999999,110712839.66540000,185617,574737.15000000,55414533.75090000,0,2022-04-25 00:00:00
229,1650888000000,96.75,101.59,95.86,100.99,1168890.88,1650931199999,115462099.80530000,187675,632975.51000000,62537026.69650000,0,2022-04-25 12:00:00
230,1650931200000,100.98,101.98,99.77,100.51,656658.84,1650974399999,66209696.55380000,88119,339495.18000000,34242865.81770000,0,2022-04-26 00:00:00
231,1650974400000,100.51,101.09,94.61,95.7,1241076.3,1651017599999,120800472.05180000,203345,580433.63000000,56503566.38420000,0,2022-04-26 12:00:00
232,1651017600000,95.7,100.11,94.89,99.22,794164.96,1651060799999,77916571.04330000,121731,416355.99000000,40831172.26080000,0,2022-04-27 00:00:00
233,1651060800000,99.22,100.79,96.82,98.36,1039577.67,1651103999999,102188652.61210000,161044,530974.16000000,52203459.90100000,0,2022-04-27 12:00:00
234,1651104000000,98.35,100.55,97.98,99.84,679468.33,1651147199999,67608111.79690000,107986,348648.41000000,34693516.58290000,0,2022-04-28 00:00:00
235,1651147200000,99.84,100.2,96.33,98.24,1169925.71,1651190399999,114986727.73470000,192111,585763.77000000,57578432.18350000,0,2022-04-28 12:00:00
236,1651190400000,98.23,98.68,95.1,95.61,682492.25,1651233599999,66270925.23800000,103708,326879.93000000,31748731.49980000,0,2022-04-29 00:00:00
237,1651233600000,95.6,97.05,92.35,93.96,1053742.62,1651276799999,99975277.08950000,151701,524681.21000000,49791764.68650000,0,2022-04-29 12:00:00
238,1651276800000,93.96,94.95,93.56,93.88,453668.72,1651319999999,42752085.88240000,67561,229190.15000000,21598959.15510000,0,2022-04-30 00:00:00
239,1651320000000,93.88,94.2,81.91,84.63,1375868.55,1651363199999,121416287.69690000,208288,655899.26000000,57845910.27130000,0,2022-04-30 12:00:00
240,1651363200000,84.63,89.92,84.15,88.24,1243433.78,1651406399999,108676078.21150000,205619,594984.70000000,51988820.91710000,0,2022-05-01 00:00:00
241,1651406400000,88.22,93.12,87.03,89.68,1110464.15,1651449599999,99149629.86610000,161111,553319.85000000,49438412.03360000,0,2022-05-01 12:00:00
242,1651449600000,89.67,90.89,86.29,86.78,821854.54,1651492799999,73245182.64910000,119707,444207.26000000,39619428.06120000,0,2022-05-02 00:00:00
243,1651492800000,86.77,88.94,85.1,87.5,1093951.43,1651535999999,95420746.90140000,164115,563009.18000000,49118644.29980000,0,2022-05-02 12:00:00
244,1651536000000,87.49,88.81,86.72,88.48,579754.16,1651579199999,51025669.93010000,84875,308439.67000000,27145970.21240000,0,2022-05-03 00:00:00
245,1651579200000,88.49,88.58,84.66,85.86,982612.29,1651622399999,84905565.19960000,115172,509010.42000000,43989603.67270000,0,2022-05-03 12:00:00
246,1651622400000,85.86,88.75,85.47,88.45,690507.35,1651665599999,60148814.10320000,83620,395073.98000000,34429474.88730000,0,2022-05-04 00:00:00
247,1651665600000,88.46,93.06,86.31,92.77,1555562.81,1651708799999,138634334.82730000,199103,825153.07000000,73549274.52200000,0,2022-05-04 12:00:00
248,1651708800000,92.77,95.25,92.08,92.31,851060.97,1651751999999,79553171.01200000,123703,457917.35000000,42823677.39800000,0,2022-05-05 00:00:00
249,1651752000000,92.32,92.99,81.32,84.52,2460360.95,1651795199999,210815495.45720000,311242,1206200.12000000,103292605.55540000,0,2022-05-05 12:00:00
250,1651795200000,84.52,84.84,80.4,81.23,1194146.54,1651838399999,98549135.51420000,161132,634979.07000000,52414267.95430000,0,2022-05-06 00:00:00
251,1651838400000,81.24,83.2,79.98,81.68,1413079.27,1651881599999,115405552.82580000,182038,740864.96000000,60529465.73990000,0,2022-05-06 12:00:00
252,1651881600000,81.67,82.03,79.12,81.79,807722.77,1651924799999,65246764.40470000,98702,419125.01000000,33863261.14280000,0,2022-05-07 00:00:00
253,1651924800000,81.79,82.33,77.03,78.86,1099050.48,1651967999999,88362967.25720000,121455,567167.56000000,45644544.56980000,0,2022-05-07 12:00:00
254,1651968000000,78.86,79.41,75.93,79.09,1119692.24,1652011199999,86978089.60940000,132579,564425.77000000,43870456.82990000,0,2022-05-08 00:00:00
255,1652011200000,79.1,79.34,73.69,75.38,1617144.16,1652054399999,123474417.22050000,177943,844323.89000000,64460302.88980000,0,2022-05-08 12:00:00
256,1652054400000,75.39,77.21,70.68,72.23,1615107.4,1652097599999,119351973.99620000,211611,799861.96000000,59128307.72660000,0,2022-05-09 00:00:00
257,1652097600000,72.24,73.13,61.7,62.16,4230929.282,1652140799999,285484612.31213100,502522,2120790.36700000,143258839.25115000,0,2022-05-09 12:00:00
258,1652140800000,62.16,73.0,60.13,71.56,4739064.381,1652183999999,318846665.47579800,616553,2436805.38000000,164097811.31130000,0,2022-05-10 00:00:00
259,1652184000000,71.56,74.03,63.23,66.9,3115976.95,1652227199999,214786891.72410000,378292,1510827.86000000,104223375.21240000,0,2022-05-10 12:00:00
260,1652227200000,66.9,68.44,60.67,61.39,3701773.82,1652270399999,239980033.07600000,535423,1832818.71000000,118833213.58340000,0,2022-05-11 00:00:00
261,1652270400000,61.39,63.93,43.17,50.9,7924349.201,1652313599999,415915680.46658900,924770,3816333.57000000,200693151.49611000,0,2022-05-11 12:00:00
262,1652313600000,50.9,54.29,37.37,43.95,9599815.065,1652356799999,433967830.90534000,1100653,4708938.16000000,213225337.21890000,0,2022-05-12 00:00:00
263,1652356800000,43.94,49.33,41.5,44.64,4036005.4,1652399999999,181708050.03220000,439024,2043095.87000000,92065761.37250000,0,2022-05-12 12:00:00
264,1652400000000,44.64,53.92,43.83,53.18,4964659.72,1652443199999,248497954.38140000,497238,2535311.56000000,126939020.61010000,0,2022-05-13 00:00:00
265,1652443200000,53.19,56.99,48.24,48.92,3753934.78,1652486399999,197458301.66710000,394952,1883023.63000000,99308537.04590000,0,2022-05-13 12:00:00
266,1652486400000,48.93,53.91,47.34,48.04,2408912.56,1652529599999,122268379.96310000,295785,1196628.00000000,60833339.43470000,0,2022-05-14 00:00:00
267,1652529600000,48.05,52.98,45.81,52.43,2690574.65,1652572799999,131303121.91690000,322772,1366526.60000000,66716694.56400000,0,2022-05-14 12:00:00
268,1652572800000,52.43,53.68,49.63,53.45,1528712.6,1652615999999,78678526.37630000,188254,776890.37000000,40005255.58360000,0,2022-05-15 00:00:00
269,1652616000000,53.45,59.31,52.21,58.83,2356846.17,1652659199999,130100180.39390000,289723,1206234.63000000,66615039.95050000,0,2022-05-15 12:00:00
270,1652659200000,58.83,58.83,52.58,53.82,2517294.35,1652702399999,138203029.45750000,288620,1229557.92000000,67580905.85410000,0,2022-05-16 00:00:00
271,1652702400000,53.83,55.8,51.89,53.79,2900927.28,1652745599999,156867364.87720000,338654,1458837.39000000,78957457.57050000,0,2022-05-16 12:00:00
272,1652745600000,53.8,57.67,53.7,55.67,1718867.6,1652788799999,96028655.47780000,214699,825227.58000000,46085768.24800000,0,2022-05-17 00:00:00
273,1652788800000,55.66,58.22,53.04,57.02,2627198.99,1652831999999,146362872.01990000,317018,1279129.77000000,71310584.33670000,0,2022-05-17 12:00:00
274,1652832000000,57.01,57.85,53.78,54.2,1616963.38,1652875199999,89440103.83690000,191167,682754.61000000,37813023.73050000,0,2022-05-18 00:00:00
275,1652875200000,54.2,54.31,49.38,49.93,2853884.65,1652918399999,146165608.82320000,326239,1392729.27000000,71308031.55930000,0,2022-05-18 12:00:00
276,1652918400000,49.93,52.26,48.2,51.22,1926587.19,1652961599999,96538482.64830000,219241,965664.08000000,48386859.71410000,0,2022-05-19 00:00:00
277,1652961600000,51.22,54.09,50.3,52.2,2867748.75,1653004799999,149763908.08830000,293865,1443402.12000000,75395060.73610000,0,2022-05-19 12:00:00
278,1653004800000,52.2,53.62,50.6,53.16,2106491.51,1653047999999,109912997.41360000,210019,1077543.33000000,56208425.49180000,0,2022-05-20 00:00:00
279,1653048000000,53.17,53.24,47.81,49.43,2705144.16,1653091199999,135516380.57420000,289227,1282823.88000000,64195963.41650000,0,2022-05-20 12:00:00
280,1653091200000,49.42,50.38,48.43,49.44,1021037.37,1653134399999,50654654.39590000,117549,528657.94000000,26228889.41790000,0,2022-05-21 00:00:00
281,1653134400000,49.44,51.21,48.99,50.31,948067.57,1653177599999,47645098.86310000,105001,499598.72000000,25115377.97930000,0,2022-05-21 12:00:00
282,1653177600000,50.3,52.01,49.69,51.49,1079190.43,1653220799999,54880733.56660000,104718,565035.06000000,28737432.37810000,0,2022-05-22 00:00:00
283,1653220800000,51.49,53.2,51.14,52.48,1644528.02,1653263999999,85554530.24500000,149368,803411.42000000,41810345.28260000,0,2022-05-22 12:00:00
284,1653264000000,52.48,54.68,51.82,54.01,1460942.25,1653307199999,77805662.29640000,152462,725590.32000000,38631279.35970000,0,2022-05-23 00:00:00
285,1653307200000,54.01,54.64,48.61,49.17,2740712.63,1653350399999,142167571.58960000,281936,1345000.18000000,69844164.83340000,0,2022-05-23 12:00:00
286,1653350400000,49.17,50.32,48.68,49.55,1144100.76,1653393599999,56722478.75660000,106524,600677.57000000,29784461.02930000,0,2022-05-24 00:00:00
287,1653393600000,49.54,50.85,47.1,49.67,2501347.89,1653436799999,122898751.95620000,196508,1321656.69000000,64966292.89030000,0,2022-05-24 12:00:00
288,1653436800000,49.67,50.55,47.59,47.69,1441201.17,1653479999999,70939656.79290000,112166,695032.90000000,34234693.88640000,0,2022-05-25 00:00:00
289,1653480000000,47.68,49.13,47.57,47.98,1853717.59,1653523199999,89673895.34590000,136002,928307.21000000,44909493.81250000,0,2022-05-25 12:00:00
290,1653523200000,47.97,48.66,43.14,43.72,2896848.39,1653566399999,131668167.15950000,200095,1402459.83000000,63750991.22040000,0,2022-05-26 00:00:00
291,1653566400000,43.71,46.68,41.69,43.44,4129138.35,1653609599999,183254576.43240000,273920,1956831.79000000,86822131.52350000,0,2022-05-26 12:00:00
292,1653609600000,43.44,43.95,39.93,41.59,4271395.51,1653652799999,177572812.79940000,281444,2045000.93000000,85075062.92370000,0,2022-05-27 00:00:00
293,1653652800000,41.58,43.61,40.42,41.17,3276419.29,1653695999999,137513640.20840000,228977,1609354.66000000,67542717.18930000,0,2022-05-27 12:00:00
294,1653696000000,41.18,42.56,40.33,41.59,1887593.73,1653739199999,78287156.12660000,116510,929712.94000000,38605973.53010000,0,2022-05-28 00:00:00
295,1653739200000,41.59,45.08,41.47,44.25,2429923.33,1653782399999,105052433.28240000,191048,1288165.78000000,55659109.86950000,0,2022-05-28 12:00:00
296,1653782400000,44.24,44.41,41.79,44.07,2425069.1,1653825599999,103883575.95000000,152324,1165783.07000000,49968090.33820000,0,2022-05-29 00:00:00
297,1653825600000,44.06,45.67,44.06,44.98,2203802.0,1653868799999,98688521.63850000,147406,1121206.35000000,50218201.94840000,0,2022-05-29 12:00:00
298,1653868800000,44.98,47.37,44.27,46.07,2631995.4,1653911999999,121557774.68130000,164475,1388051.63000000,64121762.81950000,0,2022-05-30 00:00:00
299,1653912000000,46.06,48.39,44.94,47.22,2844317.74,1653955199999,132016858.58340000,185258,1415932.50000000,65754962.38230000,0,2022-05-30 12:00:00
300,1653955200000,47.22,48.24,45.87,46.59,2328063.5,1653998399999,109129899.02170000,154597,1082504.45000000,50790231.91770000,0,2022-05-31 00:00:00
301,1653998400000,46.58,46.83,44.56,45.77,2151473.23,1654041599999,98510674.66210000,154681,1045477.58000000,47884403.50800000,0,2022-05-31 12:00:00
302,1654041600000,45.78,46.12,44.23,44.6,1402536.53,1654084799999,63120462.04450000,98783,688021.97000000,30967468.81910000,0,2022-06-01 00:00:00
303,1654084800000,44.6,45.67,39.51,40.11,3376160.41,1654127999999,142682817.50920000,237686,1633121.69000000,69022373.22050000,0,2022-06-01 12:00:00
304,1654128000000,40.11,41.2,38.13,41.04,2667569.35,1654171199999,105621194.15270000,184214,1418925.05000000,56204302.91040000,0,2022-06-02 00:00:00
305,1654171200000,41.04,41.65,39.64,40.85,2486300.92,1654214399999,100983621.76040000,176633,1268007.04000000,51530976.27340000,0,2022-06-02 12:00:00
306,1654214400000,40.86,41.54,37.93,38.25,2150318.11,1654257599999,85493472.46960000,168962,1011976.40000000,40321605.69890000,0,2022-06-03 00:00:00
307,1654257600000,38.26,38.97,37.63,38.28,2287006.53,1654300799999,87273259.11110000,175836,1088916.27000000,41572158.88330000,0,2022-06-03 12:00:00
308,1654300800000,38.28,38.38,35.71,37.0,2155142.51,1654343999999,79843608.80090000,151435,1066001.73000000,39490878.84760000,0,2022-06-04 00:00:00
309,1654344000000,37.0,39.5,36.55,39.0,1581034.28,1654387199999,59733679.87060000,113798,832177.79000000,31465222.04880000,0,2022-06-04 12:00:00
310,1654387200000,39.02,39.96,37.85,39.47,2011364.09,1654430399999,78553270.83540000,119937,939108.96000000,36688291.91340000,0,2022-06-05 00:00:00
311,1654430400000,39.46,40.22,38.41,38.52,1607147.29,1654473599999,63327897.79560000,123476,816977.78000000,32216169.21220000,0,2022-06-05 12:00:00
312,1654473600000,38.53,44.87,38.33,43.92,3632024.28,1654516799999,153834750.33660000,263570,1885733.16000000,79760553.13950000,0,2022-06-06 00:00:00
313,1654516800000,43.93,44.14,41.1,42.39,3191234.02,1654559999999,136456265.29600000,224453,1524570.16000000,65151785.36920000,0,2022-06-06 12:00:00
314,1654560000000,42.39,42.8,37.12,38.07,4358252.07,1654603199999,171481872.71350000,281262,2224333.57000000,87378263.80180000,0,2022-06-07 00:00:00
315,1654603200000,38.07,41.36,37.66,39.31,3319034.76,1654646399999,131167495.88870000,242328,1660080.38000000,65576113.14620000,0,2022-06-07 12:00:00
316,1654646400000,39.32,40.96,38.28,39.31,2297450.19,1654689599999,90218158.80740000,162905,1189133.62000000,46718484.08580000,0,2022-06-08 00:00:00
317,1654689600000,39.31,40.16,38.4,38.83,1690704.11,1654732799999,66417525.46240000,120375,823120.27000000,32346145.72190000,0,2022-06-08 12:00:00
318,1654732800000,38.83,41.97,38.44,41.22,2740070.05,1654775999999,110795880.69670000,143129,1280366.99000000,51684214.80850000,0,2022-06-09 00:00:00
319,1654776000000,41.22,41.44,39.44,39.96,1847257.7,1654819199999,74546403.15170000,142418,906293.81000000,36589182.64040000,0,2022-06-09 12:00:00
320,1654819200000,39.96,40.9,38.9,39.31,1828256.39,1654862399999,72702273.37840000,122594,966815.90000000,38434254.03640000,0,2022-06-10 00:00:00
321,1654862400000,39.3,39.7,36.8,37.17,2536386.95,1654905599999,96124144.53730000,191019,1198867.67000000,45462209.44590000,0,2022-06-10 12:00:00
322,1654905600000,37.17,37.93,35.13,35.47,2008627.807,1654948799999,73977948.96688600,118863,979560.01000000,36119019.62530000,0,2022-06-11 00:00:00
323,1654948800000,35.47,35.78,33.17,33.93,2629526.51,1654991999999,90225363.66719600,181269,1314222.56000000,45095354.13260000,0,2022-06-11 12:00:00
324,1654992000000,33.94,34.31,31.08,32.74,3184163.004,1655035199999,103594660.43662500,200229,1553927.32000000,50570271.11144000,0,2022-06-12 00:00:00
325,1655035200000,32.75,34.5,30.56,30.61,3626585.1,1655078399999,118651124.46920000,200608,1775621.81000000,58121965.87150000,0,2022-06-12 12:00:00
326,1655078400000,30.6,31.11,26.05,26.84,7872259.896,1655121599999,221009922.62852500,457328,3808015.95000000,107019811.40050000,0,2022-06-13 00:00:00
327,1655121600000,26.84,29.89,26.11,28.6,5464712.57,1655164799999,151522342.01660000,345454,2712903.74000000,75316454.40810000,0,2022-06-13 12:00:00
328,1655164800000,28.59,32.32,25.86,29.1,6882754.65,1655207999999,200126600.08832000,413699,3416672.40000000,99503814.57040000,0,2022-06-14 00:00:00
329,1655208000000,29.09,31.41,27.92,29.59,4554864.62,1655251199999,135021963.64610000,257482,2295379.07000000,68123888.47560000,0,2022-06-14 12:00:00
330,1655251200000,29.59,30.29,26.79,28.9,5490127.29,1655294399999,154962313.56480000,305723,2682523.46000000,75873114.72550000,0,2022-06-15 00:00:00
331,1655294400000,28.91,34.86,28.11,34.76,7183316.8,1655337599999,221083866.76610000,500418,3617058.48000000,111331317.37140000,0,2022-06-15 12:00:00
332,1655337600000,34.75,36.0,30.73,31.28,5082936.99,1655380799999,168173923.85540000,295895,2533289.47000000,83789226.54510000,0,2022-06-16 00:00:00
333,1655380800000,31.28,32.65,29.52,30.12,5335775.67,1655423999999,166850116.56560000,309622,2677705.82000000,83795034.82880000,0,2022-06-16 12:00:00
334,1655424000000,30.12,32.19,29.26,31.58,3237118.52,1655467199999,99976876.09620000,187894,1644562.29000000,50843632.73410000,0,2022-06-17 00:00:00
335,1655467200000,31.58,32.12,30.57,30.71,3037251.98,1655510399999,95329184.15590000,171910,1472980.04000000,46248823.37630000,0,2022-06-17 12:00:00
336,1655510400000,30.72,31.32,27.82,30.0,4250581.25,1655553599999,124654787.09440000,226836,1994171.79000000,58479059.64660000,0,2022-06-18 00:00:00
337,1655553600000,30.0,32.06,27.15,32.02,5080063.09,1655596799999,150927610.03090000,328875,2487487.55000000,73990738.73840000,0,2022-06-18 12:00:00
338,1655596800000,32.01,33.0,28.68,32.4,5345528.84,1655639999999,164262057.36090000,307883,2554102.81000000,78569396.11450000,0,2022-06-19 00:00:00
339,1655640000000,32.41,35.4,31.54,34.19,3907593.94,1655683199999,129786534.90700000,284996,2010293.19000000,66783701.45890000,0,2022-06-19 12:00:00
340,1655683200000,34.19,36.9,31.73,36.34,4351773.7,1655726399999,146486718.55670000,279862,2149330.07000000,72459166.20430000,0,2022-06-20 00:00:00
341,1655726400000,36.33,36.73,33.78,35.24,3866373.1,1655769599999,135334091.34120000,285113,1956308.40000000,68484282.65320000,0,2022-06-20 12:00:00
342,1655769600000,35.25,38.55,34.2,37.15,4158036.65,1655812799999,152359937.79100000,293389,2059521.25000000,75518171.53440000,0,2022-06-21 00:00:00
343,1655812800000,37.15,39.19,35.64,36.42,3271062.11,1655855999999,122643335.29780000,230879,1645747.76000000,61735884.09590000,0,2022-06-21 12:00:00
344,1655856000000,36.42,36.73,33.65,35.48,2823356.77,1655899199999,98781911.77330000,187039,1383359.02000000,48404540.19150000,0,2022-06-22 00:00:00
345,1655899200000,35.49,36.87,33.86,34.12,3671350.24,1655942399999,128948076.74330000,220068,1876022.93000000,65938665.72930000,0,2022-06-22 12:00:00
346,1655942400000,34.13,37.48,33.91,36.91,3082378.01,1655985599999,111125299.36710000,183326,1647243.14000000,59415181.50030000,0,2022-06-23 00:00:00
347,1655985600000,36.92,38.65,36.1,38.15,3920232.44,1656028799999,145996131.78860000,259686,1955229.35000000,72861048.05350000,0,2022-06-23 12:00:00
348,1656028800000,38.15,40.48,37.67,40.28,3046477.93,1656071999999,118396434.24970000,218045,1549955.19000000,60254348.61850000,0,2022-06-24 00:00:00
349,1656072000000,40.28,42.92,39.42,41.91,3536568.3,1656115199999,145064579.21690000,244970,1716673.45000000,70439099.96790000,0,2022-06-24 12:00:00
350,1656115200000,41.91,42.64,40.7,41.86,1991593.37,1656158399999,83275442.61880000,154483,954684.22000000,39916119.66780000,0,2022-06-25 00:00:00
351,1656158400000,41.86,42.6,39.73,42.22,2302617.7,1656201599999,94184907.98800000,180321,1136205.85000000,46499016.67740000,0,2022-06-25 12:00:00
352,1656201600000,42.22,42.49,40.58,42.08,1699278.19,1656244799999,70292427.51440000,128500,800676.26000000,33127871.38380000,0,2022-06-26 00:00:00
353,1656244800000,42.08,42.49,39.14,39.39,2324865.65,1656287999999,94371016.39730000,179530,1084705.03000000,44060597.21590000,0,2022-06-26 12:00:00
354,1656288000000,39.39,41.25,38.91,40.33,1749107.77,1656331199999,70271481.70740000,125827,869099.72000000,34934380.75900000,0,2022-06-27 00:00:00
355,1656331200000,40.32,40.46,37.9,38.52,2423829.63,1656374399999,94156500.51920000,163767,1166749.36000000,45313138.89770000,0,2022-06-27 12:00:00
356,1656374400000,38.5,39.71,37.0,39.24,2084113.1,1656417599999,80080994.70660000,139219,1047421.89000000,40265242.59010000,0,2022-06-28 00:00:00
357,1656417600000,39.23,39.9,35.02,35.35,3497222.75,1656460799999,129667470.59210000,221945,1703282.31000000,63216549.59710000,0,2022-06-28 12:00:00
358,1656460800000,35.34,36.12,34.3,34.97,2452883.0,1656503999999,86455501.53550000,150608,1194712.18000000,42119421.79740000,0,2022-06-29 00:00:00
359,1656504000000,34.96,35.16,33.1,34.05,3302395.44,1656547199999,113131770.76520000,212245,1659874.90000000,56904125.22680000,0,2022-06-29 12:00:00
360,1656547200000,34.06,34.2,31.21,31.68,2312594.68,1656590399999,74593185.24330000,162904,1127161.37000000,36327977.27920000,0,2022-06-30 00:00:00
361,1656590400000,31.68,33.93,30.92,33.76,3024510.78,1656633599999,97326289.11010000,181548,1551867.13000000,49994468.26400000,0,2022-06-30 12:00:00
362,1656633600000,33.76,35.4,31.82,32.34,3954831.91,1656676799999,132747342.21420000,230282,1875175.62000000,63024380.21340000,0,2022-07-01 00:00:00
363,1656676800000,32.33,33.97,32.03,32.84,2200924.85,1656719999999,72231874.27950000,137974,1103068.05000000,36207439.10380000,0,2022-07-01 12:00:00
364,1656720000000,32.85,33.44,31.87,32.77,1308042.31,1656763199999,42546766.90230000,93697,620962.79000000,20203697.50510000,0,2022-07-02 00:00:00
365,1656763200000,32.77,34.14,32.6,33.36,1432457.88,1656806399999,47562105.36050000,89823,739487.89000000,24560384.19850000,0,2022-07-02 12:00:00
366,1656806400000,33.36,33.77,32.32,32.91,1196555.23,1656849599999,39422843.92530000,82527,592487.90000000,19529341.98310000,0,2022-07-03 00:00:00
367,1656849600000,32.91,33.68,32.14,33.39,1198017.16,1656892799999,39482044.20550000,72204,596551.73000000,19679797.29530000,0,2022-07-03 12:00:00
368,1656892800000,33.4,34.4,32.45,34.39,1407333.81,1656935999999,46869833.43830000,88170,728447.16000000,24280597.45450000,0,2022-07-04 00:00:00
369,1656936000000,34.39,36.94,33.77,36.71,2657281.32,1656979199999,93166180.12950000,158393,1331485.68000000,46703323.56700000,0,2022-07-04 12:00:00
370,1656979200000,36.71,36.99,33.83,33.98,2369472.15,1657022399999,84090417.40960000,151496,1101253.27000000,39059099.84060000,0,2022-07-05 00:00:00
371,1657022400000,33.98,36.48,33.03,35.4,3728999.89,1657065599999,129205651.25370000,201261,1840689.76000000,63808820.44640000,0,2022-07-05 12:00:00
372,1657065600000,35.41,36.67,34.8,35.62,2705064.35,1657108799999,96857219.89010000,161193,1268321.04000000,45441284.53620000,0,2022-07-06 00:00:00
373,1657108800000,35.62,37.65,35.3,37.04,2593488.55,1657151999999,94054769.28670000,172658,1310981.82000000,47560461.52020000,0,2022-07-06 12:00:00
374,1657152000000,37.04,37.43,36.39,37.26,1374668.31,1657195199999,50815378.35180000,90247,673256.88000000,24894557.21270000,0,2022-07-07 00:00:00
375,1657195200000,37.26,39.29,36.75,38.46,2717108.97,1657238399999,103972250.40650000,172359,1347182.78000000,51562578.61190000,0,2022-07-07 12:00:00
376,1657238400000,38.46,39.72,36.58,37.21,2163683.63,1657281599999,81948269.33420000,144778,1065145.83000000,40338795.55220000,0,2022-07-08 00:00:00
377,1657281600000,37.2,39.35,36.46,38.12,3114309.13,1657324799999,118838467.44470000,209770,1679974.57000000,64182351.54320000,0,2022-07-08 12:00:00
378,1657324800000,38.12,38.9,37.78,38.18,1042983.56,1657367999999,40080119.42610000,77774,528240.15000000,20304773.45320000,0,2022-07-09 00:00:00
379,1657368000000,38.19,38.95,37.77,38.06,1045090.3,1657411199999,40010348.46250000,67479,504918.22000000,19338413.58200000,0,2022-07-09 12:00:00
380,1657411200000,38.06,38.14,36.65,36.93,919428.95,1657454399999,34310487.25840000,66583,431095.26000000,16088745.09120000,0,2022-07-10 00:00:00
381,1657454400000,36.93,37.43,36.26,36.71,1262158.65,1657497599999,46461698.47000000,81542,651194.30000000,23975194.62140000,0,2022-07-10 12:00:00
382,1657497600000,36.71,36.73,34.78,35.16,1237641.46,1657540799999,43987920.72350000,89527,603117.99000000,21437604.62420000,0,2022-07-11 00:00:00
383,1657540800000,35.15,35.79,33.24,33.42,1690325.91,1657583999999,58678642.58080000,114522,784659.30000000,27261477.42030000,0,2022-07-11 12:00:00
384,1657584000000,33.42,34.18,33.14,33.93,1448352.12,1657627199999,48717726.40910000,91723,738599.97000000,24848949.87150000,0,2022-07-12 00:00:00
385,1657627200000,33.93,34.61,32.6,32.68,1754618.28,1657670399999,59168939.30690000,113234,858169.53000000,28960870.64040000,0,2022-07-12 12:00:00
386,1657670400000,32.69,34.22,32.38,33.97,1095015.76,1657713599999,36611811.01210000,77949,546860.23000000,18295369.51720000,0,2022-07-13 00:00:00
387,1657713600000,33.96,35.08,31.82,34.94,3703016.37,1657756799999,123295242.99780000,197944,1834009.48000000,61086651.74230000,0,2022-07-13 12:00:00
388,1657756800000,34.94,35.33,33.58,33.81,1935359.05,1657799999999,66674718.74060000,98322,967203.24000000,33321826.56590000,0,2022-07-14 00:00:00
389,1657800000000,33.8,37.31,33.61,37.15,3279407.97,1657843199999,116936727.82610000,177037,1696017.06000000,60491406.51960000,0,2022-07-14 12:00:00
390,1657843200000,37.14,38.51,36.49,37.71,2157069.47,1657886399999,80845663.84770000,127168,1044920.54000000,39205445.74310000,0,2022-07-15 00:00:00
391,1657886400000,37.72,39.1,37.06,37.36,2283559.57,1657929599999,86621344.38360000,154193,1121796.72000000,42558018.45290000,0,2022-07-15 12:00:00
392,1657929600000,37.36,37.53,36.35,36.75,910732.55,1657972799999,33575341.08670000,62921,438526.75000000,16172390.48710000,0,2022-07-16 00:00:00
393,1657972800000,36.75,40.41,36.63,39.58,3034492.65,1658015999999,118609260.29190000,196421,1571491.17000000,61463702.95610000,0,2022-07-16 12:00:00
394,1658016000000,39.59,41.09,39.28,39.78,2107281.79,1658059199999,84509128.18630000,136193,1121609.44000000,44979003.04450000,0,2022-07-17 00:00:00
395,1658059200000,39.78,39.9,38.29,38.62,1688669.62,1658102399999,66081731.53150000,117248,830559.25000000,32514200.09440000,0,2022-07-17 12:00:00
396,1658102400000,38.61,42.69,38.55,41.63,2954559.92,1658145599999,122429696.96500000,206071,1538112.37000000,63725620.64260000,0,2022-07-18 00:00:00
397,1658145600000,41.63,44.07,39.69,43.52,3345723.03,1658188799999,138707041.37900000,240809,1688411.17000000,70063972.05500000,0,2022-07-18 12:00:00
398,1658188800000,43.52,46.0,42.54,45.54,3945620.87,1658231999999,173851696.97200000,343596,2049357.89000000,90373953.33770000,0,2022-07-19 00:00:00
399,1658232000000,45.54,47.36,44.59,44.87,3931030.95,1658275199999,181579459.79520000,331003,1925872.07000000,88988594.24050000,0,2022-07-19 12:00:00
400,1658275200000,44.87,46.05,43.71,45.33,2485877.13,1658318399999,111842056.74620000,189323,1257859.20000000,56617008.20730000,0,2022-07-20 00:00:00
401,1658318400000,45.33,46.3,41.24,42.04,3894564.61,1658361599999,170627547.93480000,288094,1904430.95000000,83531397.97130000,0,2022-07-20 12:00:00
402,1658361600000,42.03,42.47,39.64,41.76,2984729.05,1658404799999,122229538.78000000,210287,1494868.05000000,61231099.36290000,0,2022-07-21 00:00:00
403,1658404800000,41.75,44.24,40.84,43.11,3149370.24,1658447999999,134377190.47110000,218059,1614799.15000000,68933655.55030000,0,2022-07-21 12:00:00
404,1658448000000,43.1,44.33,42.08,44.14,1819562.38,1658491199999,78687976.59450000,136481,903925.28000000,39116486.85720000,0,2022-07-22 00:00:00
405,1658491200000,44.14,44.2,40.03,40.54,2676167.17,1658534399999,111954908.01960000,191884,1306209.54000000,54670602.45950000,0,2022-07-22 12:00:00
406,1658534400000,40.54,41.91,39.52,39.6,1471541.05,1658577599999,60189671.32520000,111420,712990.01000000,29184474.59440000,0,2022-07-23 00:00:00
407,1658577600000,39.61,40.49,38.6,39.97,1950430.44,1658620799999,77351926.24090000,138227,948155.36000000,37624573.15760000,0,2022-07-23 12:00:00
408,1658620800000,39.97,41.43,39.47,40.89,1580368.03,1658663999999,64089147.77850000,104007,830675.32000000,33698493.64120000,0,2022-07-24 00:00:00
409,1658664000000,40.89,42.1,40.11,40.93,1746851.44,1658707199999,71690917.21020000,123828,852173.72000000,34988874.31620000,0,2022-07-24 12:00:00
410,1658707200000,40.93,41.09,37.74,38.88,1906072.34,1658750399999,74107264.22610000,140367,924632.88000000,35925394.83810000,0,2022-07-25 00:00:00
411,1658750400000,38.89,39.36,36.56,36.65,2331847.65,1658793599999,89200287.64180000,168617,1117324.97000000,42782365.76850000,0,2022-07-25 12:00:00
412,1658793600000,36.66,36.84,35.33,35.81,2045305.53,1658836799999,73798764.68870000,150037,972074.40000000,35070199.20960000,0,2022-07-26 00:00:00
413,1658836800000,35.82,36.34,34.67,36.25,2450873.04,1658879999999,86815792.78630000,174280,1194285.85000000,42309854.68120000,0,2022-07-26 12:00:00
414,1658880000000,36.26,37.2,35.68,36.39,1354784.56,1658923199999,49454891.17780000,97725,721510.78000000,26353450.56330000,0,2022-07-27 00:00:00
415,1658923200000,36.39,40.55,36.19,40.23,4505891.61,1658966399999,173998358.22310000,290642,2386220.23000000,92230147.72690000,0,2022-07-27 12:00:00
416,1658966400000,40.23,40.86,39.03,40.53,2251911.35,1659009599999,89694921.71300000,142847,1170529.41000000,46637214.93110000,0,2022-07-28 00:00:00
